file,category,seed
Accessories_Cushion_seed_0020.gif,Accessories_Cushion,0020
Accessories_Cushion_seed_0042.gif,Accessories_Cushion,0042
Accessories_glasses_seed_0005.gif,Accessories_glasses,0005
Accessories_glasses_seed_0012.gif,Accessories_glasses,0012
Air_blower_seed_0129.gif,Air_blower,0129
Air_blower_seed_0555.gif,Air_blower,0555
Art_Drawing_Models_Articulated_mannequin_Poseable_figure_mannequin_seed_0196.gif,Art_Drawing_Models_Articulated_mannequin_Poseable_figure_mannequin,0196
Art_Drawing_Models_Articulated_mannequin_Poseable_figure_mannequin_seed_0285.gif,Art_Drawing_Models_Articulated_mannequin_Poseable_figure_mannequin,0285
Astronomy_Antenna_dish_seed_0130.gif,Astronomy_Antenna_dish,0130
Astronomy_Antenna_dish_seed_0988.gif,Astronomy_Antenna_dish,0988
Astronomy_Astronaut_helmet_seed_0063.gif,Astronomy_Astronaut_helmet,0063
Astronomy_Astronaut_helmet_seed_0477.gif,Astronomy_Astronaut_helmet,0477
Astronomy_Lunar_rover_seed_0826.gif,Astronomy_Lunar_rover,0826
Astronomy_Lunar_rover_seed_0917.gif,Astronomy_Lunar_rover,0917
Astronomy_Mars_rover_seed_0068.gif,Astronomy_Mars_rover,0068
Astronomy_Mars_rover_seed_0112.gif,Astronomy_Mars_rover,0112
Astronomy_Pressurised_module_door_seed_0042.gif,Astronomy_Pressurised_module_door,0042
Astronomy_Pressurised_module_door_seed_0069.gif,Astronomy_Pressurised_module_door,0069
Astronomy_Retractable_landing_gear_seed_0003.gif,Astronomy_Retractable_landing_gear,0003
Astronomy_Retractable_landing_gear_seed_0060.gif,Astronomy_Retractable_landing_gear,0060
Astronomy_Return_capsule_seed_0046.gif,Astronomy_Return_capsule,0046
Astronomy_Return_capsule_seed_0074.gif,Astronomy_Return_capsule,0074
Astronomy_Rocket_engine_seed_0215.gif,Astronomy_Rocket_engine,0215
Astronomy_Rocket_engine_seed_0226.gif,Astronomy_Rocket_engine,0226
Astronomy_Satellite_seed_0019.gif,Astronomy_Satellite,0019
Astronomy_Satellite_seed_0112.gif,Astronomy_Satellite,0112
Astronomy_Space_shuttle_seed_0372.gif,Astronomy_Space_shuttle,0372
Astronomy_Space_shuttle_seed_0783.gif,Astronomy_Space_shuttle,0783
Bag_Suitcase_Box_seed_0977.gif,Bag_Suitcase_Box,0977
Bag_Suitcase_Box_seed_1284.gif,Bag_Suitcase_Box,1284
Bag_Suitcase_Luggage_bag_seed_0007.gif,Bag_Suitcase_Luggage_bag,0007
Bag_Suitcase_Luggage_bag_seed_0029.gif,Bag_Suitcase_Luggage_bag,0029
Bag_Suitcase_Shopping_bucket_seed_0050.gif,Bag_Suitcase_Shopping_bucket,0050
Bag_Suitcase_Shopping_bucket_seed_0163.gif,Bag_Suitcase_Shopping_bucket,0163
Bag_Suitcase_Suitcase_seed_0018.gif,Bag_Suitcase_Suitcase,0018
Bag_Suitcase_Suitcase_seed_0024.gif,Bag_Suitcase_Suitcase,0024
Bag_Suitcase_Treasure_chest_seed_0001.gif,Bag_Suitcase_Treasure_chest,0001
Bag_Suitcase_Treasure_chest_seed_0059.gif,Bag_Suitcase_Treasure_chest,0059
Bar_Piano_seed_0014.gif,Bar_Piano,0014
Bar_Piano_seed_0024.gif,Bar_Piano,0024
Bathroom_Hair_dryer_seed_1942.gif,Bathroom_Hair_dryer,1942
Bathroom_Hair_dryer_seed_2932.gif,Bathroom_Hair_dryer,2932
Bathroom_toilet_seed_0006.gif,Bathroom_toilet,0006
Bathroom_toilet_seed_0017.gif,Bathroom_toilet,0017
Bathroom_washmachine_seed_0008.gif,Bathroom_washmachine,0008
Bathroom_washmachine_seed_0035.gif,Bathroom_washmachine,0035
Bench_Wood_Swing_seed_0296.gif,Bench_Wood_Swing,0296
Bench_Wood_Swing_seed_0448.gif,Bench_Wood_Swing,0448
Bookshelf_with_books_seed_0252.gif,Bookshelf_with_books,0252
Bookshelf_with_books_seed_0299.gif,Bookshelf_with_books,0299
Butter_maker_seed_0459.gif,Butter_maker,0459
Butter_maker_seed_0462.gif,Butter_maker,0462
C_shaped_sofa_side_table_seed_0113.gif,C_shaped_sofa_side_table,0113
C_shaped_sofa_side_table_seed_0161.gif,C_shaped_sofa_side_table,0161
Cabinet_with_doors_and_drawers_seed_1332.gif,Cabinet_with_doors_and_drawers,1332
Cabinet_with_doors_and_drawers_seed_2156.gif,Cabinet_with_doors_and_drawers,2156
Cabinet_with_doors_seed_1915.gif,Cabinet_with_doors,1915
Cabinet_with_doors_seed_2108.gif,Cabinet_with_doors,2108
Cabinet_with_drawers_seed_0770.gif,Cabinet_with_drawers,0770
Cabinet_with_drawers_seed_1140.gif,Cabinet_with_drawers,1140
Cabinet_with_glass_lift_up_vitrine_seed_0153.gif,Cabinet_with_glass_lift_up_vitrine,0153
Cabinet_with_glass_lift_up_vitrine_seed_0267.gif,Cabinet_with_glass_lift_up_vitrine,0267
Chain_separator_seed_0019.gif,Chain_separator,0019
Chain_separator_seed_0027.gif,Chain_separator,0027
Chair_Chair_seed_0027.gif,Chair_Chair,0027
Chair_Chair_seed_0053.gif,Chair_Chair,0053
Chair_Folding_chair_seed_0155.gif,Chair_Folding_chair,0155
Chair_Folding_chair_seed_0200.gif,Chair_Folding_chair,0200
Container_Barrel_seed_0832.gif,Container_Barrel,0832
Container_Barrel_seed_1914.gif,Container_Barrel,1914
Container_Basket_seed_0556.gif,Container_Basket,0556
Container_Basket_seed_0567.gif,Container_Basket,0567
Container_Bottle_seed_0017.gif,Container_Bottle,0017
Container_Bottle_seed_0030.gif,Container_Bottle,0030
Container_Bottle_serum_seed_0010.gif,Container_Bottle_serum,0010
Container_Bottle_serum_seed_0029.gif,Container_Bottle_serum,0029
Container_Box_seed_0048.gif,Container_Box,0048
Container_Box_seed_0187.gif,Container_Box,0187
Container_Can_seed_0006.gif,Container_Can,0006
Container_Can_seed_0007.gif,Container_Can,0007
Container_Cosmetic_seed_0051.gif,Container_Cosmetic,0051
Container_Cosmetic_seed_0098.gif,Container_Cosmetic,0098
Container_Cup_seed_0182.gif,Container_Cup,0182
Container_Cup_seed_1171.gif,Container_Cup,1171
Container_Dispenser_seed_0019.gif,Container_Dispenser,0019
Container_Dispenser_seed_0035.gif,Container_Dispenser,0035
Container_Gas_cylinder_seed_0025.gif,Container_Gas_cylinder,0025
Container_Gas_cylinder_seed_0122.gif,Container_Gas_cylinder,0122
Container_Glass_bottle_seed_0014.gif,Container_Glass_bottle,0014
Container_Glass_bottle_seed_0042.gif,Container_Glass_bottle,0042
Container_Jar_seed_0042.gif,Container_Jar,0042
Container_Jar_seed_0077.gif,Container_Jar,0077
Container_Kettle_seed_0113.gif,Container_Kettle,0113
Container_Kettle_seed_0168.gif,Container_Kettle,0168
Container_Lipstick_seed_0001.gif,Container_Lipstick,0001
Container_Lipstick_seed_0010.gif,Container_Lipstick,0010
Container_Locker_seed_0018.gif,Container_Locker,0018
Container_Locker_seed_0036.gif,Container_Locker,0036
Container_Paint_spray_seed_0019.gif,Container_Paint_spray,0019
Container_Paint_spray_seed_0039.gif,Container_Paint_spray,0039
Container_Plastic_can_seed_0040.gif,Container_Plastic_can,0040
Container_Plastic_can_seed_0054.gif,Container_Plastic_can,0054
Container_Primer_bottle_seed_0005.gif,Container_Primer_bottle,0005
Container_Primer_bottle_seed_0015.gif,Container_Primer_bottle,0015
Container_Pump_seed_0000.gif,Container_Pump,0000
Container_Pump_seed_0003.gif,Container_Pump,0003
Container_Shipping_container_seed_0016.gif,Container_Shipping_container,0016
Container_Shipping_container_seed_0097.gif,Container_Shipping_container,0097
Container_Tube_seed_0695.gif,Container_Tube,0695
Container_Tube_seed_1376.gif,Container_Tube,1376
Container_laundry_detergent_bottle_seed_0004.gif,Container_laundry_detergent_bottle,0004
Container_laundry_detergent_bottle_seed_0034.gif,Container_laundry_detergent_bottle,0034
Curtain_blind_seed_0011.gif,Curtain_blind,0011
Curtain_blind_seed_0015.gif,Curtain_blind,0015
Desk_with_drawers_no_door_seed_0324.gif,Desk_with_drawers_no_door,0324
Desk_with_drawers_no_door_seed_0598.gif,Desk_with_drawers_no_door,0598
Door_Door_seed_0025.gif,Door_Door,0025
Door_Door_seed_0063.gif,Door_Door,0063
Door_Double_Door_seed_0804.gif,Door_Double_Door,0804
Door_Double_Door_seed_0820.gif,Door_Double_Door,0820
Door_Folding_gate_seed_0061.gif,Door_Folding_gate,0061
Door_Folding_gate_seed_0094.gif,Door_Folding_gate,0094
Door_Garage_shutter_seed_0204.gif,Door_Garage_shutter,0204
Door_Garage_shutter_seed_2018.gif,Door_Garage_shutter,2018
Door_Gate_seed_0000.gif,Door_Gate,0000
Door_Gate_seed_0001.gif,Door_Gate,0001
Door_Gate_seed_0019.gif,Door_Gate,0019
Door_Gate_seed_0265.gif,Door_Gate,0265
Door_Other_seed_1556.gif,Door_Other,1556
Door_Other_seed_2999.gif,Door_Other,2999
Door_Scifi_Gate_seed_0006.gif,Door_Scifi_Gate,0006
Door_Scifi_Gate_seed_0013.gif,Door_Scifi_Gate,0013
Door_Sliding_Door_seed_0142.gif,Door_Sliding_Door,0142
Door_Sliding_Door_seed_0299.gif,Door_Sliding_Door,0299
Door_Trap_door_seed_1221.gif,Door_Trap_door,1221
Door_Trap_door_seed_1547.gif,Door_Trap_door,1547
Door_folding_door_seed_0532.gif,Door_folding_door,0532
Door_folding_door_seed_1157.gif,Door_folding_door,1157
Door_wooden_plank_door_with_a_ring_pull_seed_1206.gif,Door_wooden_plank_door_with_a_ring_pull,1206
Door_wooden_plank_door_with_a_ring_pull_seed_1553.gif,Door_wooden_plank_door_with_a_ring_pull,1553
Dressing_table_seed_0137.gif,Dressing_table,0137
Dressing_table_seed_0169.gif,Dressing_table,0169
Electrical_Wiring_Cable_reel_seed_0001.gif,Electrical_Wiring_Cable_reel,0001
Electrical_Wiring_Cable_reel_seed_0022.gif,Electrical_Wiring_Cable_reel,0022
Electrical_Wiring_Circuit_breaker_seed_0351.gif,Electrical_Wiring_Circuit_breaker,0351
Electrical_Wiring_Circuit_breaker_seed_0390.gif,Electrical_Wiring_Circuit_breaker,0390
Electrical_Wiring_Conduit_bender_seed_0009.gif,Electrical_Wiring_Conduit_bender,0009
Electrical_Wiring_Conduit_bender_seed_0014.gif,Electrical_Wiring_Conduit_bender,0014
Electrical_Wiring_Distribution_board_panel_seed_0097.gif,Electrical_Wiring_Distribution_board_panel,0097
Electrical_Wiring_Distribution_board_panel_seed_0130.gif,Electrical_Wiring_Distribution_board_panel,0130
Electrical_Wiring_Junction_box_seed_0166.gif,Electrical_Wiring_Junction_box,0166
Electrical_Wiring_Junction_box_seed_0235.gif,Electrical_Wiring_Junction_box,0235
Electrical_Wiring_Surge_protector_switch_seed_0069.gif,Electrical_Wiring_Surge_protector_switch,0069
Electrical_Wiring_Surge_protector_switch_seed_0131.gif,Electrical_Wiring_Surge_protector_switch,0131
Electrical_Wiring_Wire_stripper_seed_0006.gif,Electrical_Wiring_Wire_stripper,0006
Electrical_Wiring_Wire_stripper_seed_0061.gif,Electrical_Wiring_Wire_stripper,0061
Equipment_Control_panel_seed_2578.gif,Equipment_Control_panel,2578
Equipment_Control_panel_seed_2921.gif,Equipment_Control_panel,2921
Equipment_Game_console_seed_0004.gif,Equipment_Game_console,0004
Equipment_Game_console_seed_0090.gif,Equipment_Game_console,0090
Equipment_LED_work_light_seed_1095.gif,Equipment_LED_work_light,1095
Equipment_LED_work_light_seed_1479.gif,Equipment_LED_work_light,1479
Equipment_Lock_seed_0014.gif,Equipment_Lock,0014
Equipment_Lock_seed_0018.gif,Equipment_Lock,0018
Equipment_Pipeline_seed_0344.gif,Equipment_Pipeline,0344
Equipment_Pipeline_seed_0821.gif,Equipment_Pipeline,0821
Equipment_Power_switch_seed_0004.gif,Equipment_Power_switch,0004
Equipment_Power_switch_seed_0025.gif,Equipment_Power_switch,0025
Equipment_Pump2_seed_0080.gif,Equipment_Pump2,0080
Equipment_Pump2_seed_0910.gif,Equipment_Pump2,0910
Facade_Element_Air_conditioner_outdoor_unit_seed_0096.gif,Facade_Element_Air_conditioner_outdoor_unit,0096
Facade_Element_Air_conditioner_outdoor_unit_seed_0409.gif,Facade_Element_Air_conditioner_outdoor_unit,0409
Facade_Element_Gutter_downchain_seed_0879.gif,Facade_Element_Gutter_downchain,0879
Facade_Element_Gutter_downchain_seed_0895.gif,Facade_Element_Gutter_downchain,0895
Facade_Element_Lamp1_seed_0292.gif,Facade_Element_Lamp1,0292
Facade_Element_Lamp1_seed_0390.gif,Facade_Element_Lamp1,0390
Fence_Cascade_fences_seed_0039.gif,Fence_Cascade_fences,0039
Fence_Cascade_fences_seed_0244.gif,Fence_Cascade_fences,0244
Floor_standing_drafting_table_seed_0021.gif,Floor_standing_drafting_table,0021
Floor_standing_drafting_table_seed_0089.gif,Floor_standing_drafting_table,0089
Folding_ruler_seed_0109.gif,Folding_ruler,0109
Folding_ruler_seed_0140.gif,Folding_ruler,0140
Folding_sofa_bed1_seed_0047.gif,Folding_sofa_bed1,0047
Folding_sofa_bed1_seed_0098.gif,Folding_sofa_bed1,0098
Folding_sofa_bed2_seed_0048.gif,Folding_sofa_bed2,0048
Folding_sofa_bed2_seed_0063.gif,Folding_sofa_bed2,0063
Folding_sofa_bed3_seed_0009.gif,Folding_sofa_bed3,0009
Folding_sofa_bed3_seed_0064.gif,Folding_sofa_bed3,0064
Folding_sofa_bed_seed_0023.gif,Folding_sofa_bed,0023
Folding_sofa_bed_seed_0033.gif,Folding_sofa_bed,0033
Folding_table1_seed_0060.gif,Folding_table1,0060
Folding_table1_seed_0094.gif,Folding_table1,0094
Folding_table2_seed_0068.gif,Folding_table2,0068
Folding_table2_seed_0080.gif,Folding_table2,0080
Folding_table3_seed_0156.gif,Folding_table3,0156
Folding_table3_seed_0175.gif,Folding_table3,0175
Folding_table4_seed_0032.gif,Folding_table4,0032
Folding_table4_seed_0131.gif,Folding_table4,0131
Folding_table5_seed_0107.gif,Folding_table5,0107
Folding_table5_seed_0142.gif,Folding_table5,0142
Folding_table_seed_0113.gif,Folding_table,0113
Folding_table_seed_0206.gif,Folding_table,0206
Fountain_Drick_fountain_seed_0262.gif,Fountain_Drick_fountain,0262
Fountain_Drick_fountain_seed_0329.gif,Fountain_Drick_fountain,0329
Garden_pruner_seed_0176.gif,Garden_pruner,0176
Garden_pruner_seed_0194.gif,Garden_pruner,0194
Golf_cart_seed_0044.gif,Golf_cart,0044
Golf_cart_seed_0092.gif,Golf_cart,0092
Hall_tree_with_flip_top_seat_seed_0050.gif,Hall_tree_with_flip_top_seat,0050
Hall_tree_with_flip_top_seat_seed_0116.gif,Hall_tree_with_flip_top_seat,0116
Hand_crank_clothes_wringer_seed_0010.gif,Hand_crank_clothes_wringer,0010
Hand_crank_clothes_wringer_seed_0025.gif,Hand_crank_clothes_wringer,0025
Handtools_Clamp_seed_0017.gif,Handtools_Clamp,0017
Handtools_Clamp_seed_0018.gif,Handtools_Clamp,0018
Handtools_Hand_plane_seed_0011.gif,Handtools_Hand_plane,0011
Handtools_Hand_plane_seed_0013.gif,Handtools_Hand_plane,0013
Handtools_Knife_seed_0511.gif,Handtools_Knife,0511
Handtools_Knife_seed_0796.gif,Handtools_Knife,0796
Handtools_Paint_roller_seed_0280.gif,Handtools_Paint_roller,0280
Handtools_Paint_roller_seed_1723.gif,Handtools_Paint_roller,1723
Handtools_Pen_seed_0047.gif,Handtools_Pen,0047
Handtools_Pen_seed_0072.gif,Handtools_Pen,0072
Handtools_Stapler_seed_0032.gif,Handtools_Stapler,0032
Handtools_Stapler_seed_0149.gif,Handtools_Stapler,0149
Handtools_Tool_cart_seed_0038.gif,Handtools_Tool_cart,0038
Handtools_Tool_cart_seed_0041.gif,Handtools_Tool_cart,0041
Handtools_Wrench_seed_0003.gif,Handtools_Wrench,0003
Handtools_Wrench_seed_0035.gif,Handtools_Wrench,0035
Handtools_caulking_gun_seed_0029.gif,Handtools_caulking_gun,0029
Handtools_caulking_gun_seed_0042.gif,Handtools_caulking_gun,0042
Handtools_clothes_peg_seed_0008.gif,Handtools_clothes_peg,0008
Handtools_clothes_peg_seed_0017.gif,Handtools_clothes_peg,0017
Handtools_dial_caliper_seed_0015.gif,Handtools_dial_caliper,0015
Handtools_dial_caliper_seed_0052.gif,Handtools_dial_caliper,0052
Handtools_wooden_tongs_seed_0039.gif,Handtools_wooden_tongs,0039
Handtools_wooden_tongs_seed_0167.gif,Handtools_wooden_tongs,0167
Headwear_Racing_helmet_seed_0008.gif,Headwear_Racing_helmet,0008
Headwear_Racing_helmet_seed_0046.gif,Headwear_Racing_helmet,0046
Healthcare_Adjustable_hospital_bed_seed_0036.gif,Healthcare_Adjustable_hospital_bed,0036
Healthcare_Adjustable_hospital_bed_seed_0050.gif,Healthcare_Adjustable_hospital_bed,0050
Healthcare_Crutches_seed_0008.gif,Healthcare_Crutches,0008
Healthcare_Crutches_seed_0017.gif,Healthcare_Crutches,0017
Healthcare_First_aid_box_seed_0015.gif,Healthcare_First_aid_box,0015
Healthcare_First_aid_box_seed_0036.gif,Healthcare_First_aid_box,0036
Healthcare_Pill_bottle_box_seed_0089.gif,Healthcare_Pill_bottle_box,0089
Healthcare_Pill_bottle_box_seed_0151.gif,Healthcare_Pill_bottle_box,0151
Healthcare_Prosthetic_limb_seed_0001.gif,Healthcare_Prosthetic_limb,0001
Healthcare_Prosthetic_limb_seed_0003.gif,Healthcare_Prosthetic_limb,0003
Healthcare_Wheelchair_seed_0023.gif,Healthcare_Wheelchair,0023
Healthcare_Wheelchair_seed_0044.gif,Healthcare_Wheelchair,0044
Hole_punch_seed_0255.gif,Hole_punch,0255
Hole_punch_seed_0347.gif,Hole_punch,0347
Household_Laundry_Clothes_drying_rack_Laundry_drying_rack_seed_0196.gif,Household_Laundry_Clothes_drying_rack_Laundry_drying_rack,0196
Household_Laundry_Clothes_drying_rack_Laundry_drying_rack_seed_1238.gif,Household_Laundry_Clothes_drying_rack_Laundry_drying_rack,1238
Hutch_Cabinet_seed_0551.gif,Hutch_Cabinet,0551
Hutch_Cabinet_seed_0745.gif,Hutch_Cabinet,0745
Ice_crream_machine_seed_0017.gif,Ice_crream_machine,0017
Ice_crream_machine_seed_0248.gif,Ice_crream_machine,0248
Industrial_Blast_door_seed_0024.gif,Industrial_Blast_door,0024
Industrial_Blast_door_seed_0031.gif,Industrial_Blast_door,0031
Industrial_Drill_press_table_seed_0011.gif,Industrial_Drill_press_table,0011
Industrial_Drill_press_table_seed_0868.gif,Industrial_Drill_press_table,0868
Industrial_Electric_Saw_seed_0010.gif,Industrial_Electric_Saw,0010
Industrial_Electric_Saw_seed_0016.gif,Industrial_Electric_Saw,0016
Industrial_Hydraulic_press_seed_0132.gif,Industrial_Hydraulic_press,0132
Industrial_Hydraulic_press_seed_0260.gif,Industrial_Hydraulic_press,0260
Industrial_Industrial_vice_seed_0005.gif,Industrial_Industrial_vice,0005
Industrial_Industrial_vice_seed_0077.gif,Industrial_Industrial_vice,0077
Industrial_Mine_cart_seed_0080.gif,Industrial_Mine_cart,0080
Industrial_Mine_cart_seed_0610.gif,Industrial_Mine_cart,0610
Industrial_Ore_crusher_jaw_seed_0089.gif,Industrial_Ore_crusher_jaw,0089
Industrial_Ore_crusher_jaw_seed_0600.gif,Industrial_Ore_crusher_jaw,0600
Industrial_Safety_cage_seed_0145.gif,Industrial_Safety_cage,0145
Industrial_Safety_cage_seed_0183.gif,Industrial_Safety_cage,0183
Industrial_rolling_work_table_seed_0013.gif,Industrial_rolling_work_table,0013
Industrial_rolling_work_table_seed_0152.gif,Industrial_rolling_work_table,0152
Kitchen_Air_fryer_seed_0020.gif,Kitchen_Air_fryer,0020
Kitchen_Air_fryer_seed_0035.gif,Kitchen_Air_fryer,0035
Kitchen_Coffee_machine_seed_0014.gif,Kitchen_Coffee_machine,0014
Kitchen_Coffee_machine_seed_0018.gif,Kitchen_Coffee_machine,0018
Kitchen_Corkscrew_seed_0011.gif,Kitchen_Corkscrew,0011
Kitchen_Corkscrew_seed_0018.gif,Kitchen_Corkscrew,0018
Kitchen_Dish_washer_seed_0010.gif,Kitchen_Dish_washer,0010
Kitchen_Dish_washer_seed_0015.gif,Kitchen_Dish_washer,0015
Kitchen_Hood_seed_0044.gif,Kitchen_Hood,0044
Kitchen_Hood_seed_0105.gif,Kitchen_Hood,0105
Kitchen_Knife_set_seed_0004.gif,Kitchen_Knife_set,0004
Kitchen_Knife_set_seed_0075.gif,Kitchen_Knife_set,0075
Kitchen_Microwave_seed_0624.gif,Kitchen_Microwave,0624
Kitchen_Microwave_seed_1123.gif,Kitchen_Microwave,1123
Kitchen_Toaster_seed_0000.gif,Kitchen_Toaster,0000
Kitchen_Toaster_seed_0001.gif,Kitchen_Toaster,0001
Kitchen_Toaster_seed_0021.gif,Kitchen_Toaster,0021
Kitchen_Toaster_seed_0039.gif,Kitchen_Toaster,0039
Kitchen_set_seed_0038.gif,Kitchen_set,0038
Kitchen_set_seed_0063.gif,Kitchen_set,0063
Lid_opener_seed_0023.gif,Lid_opener,0023
Lid_opener_seed_0042.gif,Lid_opener,0042
Light_Latern_seed_1770.gif,Light_Latern,1770
Light_Latern_seed_1804.gif,Light_Latern,1804
Locker_box_seed_0013.gif,Locker_box,0013
Locker_box_seed_0052.gif,Locker_box,0052
Machinery_Watermill_seed_0225.gif,Machinery_Watermill,0225
Machinery_Watermill_seed_0367.gif,Machinery_Watermill,0367
Mechanical_calculator_seed_1718.gif,Mechanical_calculator,1718
Mechanical_calculator_seed_2914.gif,Mechanical_calculator,2914
Military_Aircraft_seed_0024.gif,Military_Aircraft,0024
Military_Aircraft_seed_0046.gif,Military_Aircraft,0046
Military_Granade_seed_0003.gif,Military_Granade,0003
Military_Granade_seed_0031.gif,Military_Granade,0031
Military_Gun_seed_0021.gif,Military_Gun,0021
Military_Gun_seed_0069.gif,Military_Gun,0069
Military_Military_knife_seed_0015.gif,Military_Military_knife,0015
Military_Military_knife_seed_0262.gif,Military_Military_knife,0262
Military_Radio_seed_0001.gif,Military_Radio,0001
Military_Radio_seed_0061.gif,Military_Radio,0061
Military_Rifle_seed_0329.gif,Military_Rifle,0329
Military_Rifle_seed_1042.gif,Military_Rifle,1042
Military_Tank_seed_0032.gif,Military_Tank,0032
Military_Tank_seed_0033.gif,Military_Tank,0033
Military_Turret_seed_0069.gif,Military_Turret,0069
Military_Turret_seed_0196.gif,Military_Turret,0196
Military_helicopter_seed_0473.gif,Military_helicopter,0473
Military_helicopter_seed_2096.gif,Military_helicopter,2096
Military_knife_seed_0043.gif,Military_knife,0043
Military_knife_seed_0133.gif,Military_knife,0133
Military_sword_seed_0080.gif,Military_sword,0080
Military_sword_seed_0087.gif,Military_sword,0087
Music_Amplifier_seed_0052.gif,Music_Amplifier,0052
Music_Amplifier_seed_0056.gif,Music_Amplifier,0056
Music_CD_case_seed_0010.gif,Music_CD_case,0010
Music_CD_case_seed_0023.gif,Music_CD_case,0023
Music_Headphone_seed_0009.gif,Music_Headphone,0009
Music_Headphone_seed_0135.gif,Music_Headphone,0135
Music_Violin_case_seed_0065.gif,Music_Violin_case,0065
Music_Violin_case_seed_0074.gif,Music_Violin_case,0074
Music_Vocal_mic_seed_0017.gif,Music_Vocal_mic,0017
Music_Vocal_mic_seed_0019.gif,Music_Vocal_mic,0019
Music_keyboard_seed_0031.gif,Music_keyboard,0031
Music_keyboard_seed_0122.gif,Music_keyboard,0122
Other_Air_conditioner_seed_0023.gif,Other_Air_conditioner,0023
Other_Air_conditioner_seed_0048.gif,Other_Air_conditioner,0048
Other_Bedside_seed_0003.gif,Other_Bedside,0003
Other_Bedside_seed_0021.gif,Other_Bedside,0021
Other_Built_in_oven_seed_0083.gif,Other_Built_in_oven,0083
Other_Built_in_oven_seed_0160.gif,Other_Built_in_oven,0160
Other_Cabinet_seed_0062.gif,Other_Cabinet,0062
Other_Cabinet_seed_0080.gif,Other_Cabinet,0080
Other_Coffin_seed_0008.gif,Other_Coffin,0008
Other_Coffin_seed_0036.gif,Other_Coffin,0036
Other_Folding_screen_seed_0013.gif,Other_Folding_screen,0013
Other_Folding_screen_seed_0109.gif,Other_Folding_screen,0109
Other_Lighter_seed_0007.gif,Other_Lighter,0007
Other_Lighter_seed_0008.gif,Other_Lighter,0008
Other_Metal_drain_seed_0009.gif,Other_Metal_drain,0009
Other_Metal_drain_seed_0047.gif,Other_Metal_drain,0047
Other_Scale_seed_0020.gif,Other_Scale,0020
Other_Scale_seed_0126.gif,Other_Scale,0126
Other_Switch_seed_0034.gif,Other_Switch,0034
Other_Switch_seed_0036.gif,Other_Switch,0036
Other_TV_seed_0059.gif,Other_TV,0059
Other_TV_seed_0114.gif,Other_TV,0114
Other_Tripod_Turnstile_seed_0180.gif,Other_Tripod_Turnstile,0180
Other_Tripod_Turnstile_seed_2103.gif,Other_Tripod_Turnstile,2103
Other_Vent_seed_0220.gif,Other_Vent,0220
Other_Vent_seed_3122.gif,Other_Vent,3122
Other_Water_dispenser_seed_0096.gif,Other_Water_dispenser,0096
Other_Water_dispenser_seed_0104.gif,Other_Water_dispenser,0104
Other_armchair_seed_0040.gif,Other_armchair,0040
Other_armchair_seed_0060.gif,Other_armchair,0060
Other_cauldron_seed_0000.gif,Other_cauldron,0000
Other_cauldron_seed_0040.gif,Other_cauldron,0040
Other_high_arc_gooseneck_faucet_seed_0401.gif,Other_high_arc_gooseneck_faucet,0401
Other_high_arc_gooseneck_faucet_seed_0528.gif,Other_high_arc_gooseneck_faucet,0528
Other_pliers_seed_0098.gif,Other_pliers,0098
Other_pliers_seed_0114.gif,Other_pliers,0114
Other_single_hole_basin_faucet_seed_0007.gif,Other_single_hole_basin_faucet,0007
Other_single_hole_basin_faucet_seed_0157.gif,Other_single_hole_basin_faucet,0157
Other_stove_seed_0046.gif,Other_stove,0046
Other_stove_seed_0067.gif,Other_stove,0067
Other_widespread_two_handle_faucet_seed_0225.gif,Other_widespread_two_handle_faucet,0225
Other_widespread_two_handle_faucet_seed_0941.gif,Other_widespread_two_handle_faucet,0941
Others_Binocular_seed_0000.gif,Others_Binocular,0000
Others_Binocular_seed_0008.gif,Others_Binocular,0008
Others_Matchbox_seed_0014.gif,Others_Matchbox,0014
Others_Matchbox_seed_0316.gif,Others_Matchbox,0316
Others_Safe_seed_0277.gif,Others_Safe,0277
Others_Safe_seed_0288.gif,Others_Safe,0288
Others_blacksmith_tongs_seed_0006.gif,Others_blacksmith_tongs,0006
Others_blacksmith_tongs_seed_0084.gif,Others_blacksmith_tongs,0084
Parts_quick_release_clamp_seed_0001.gif,Parts_quick_release_clamp,0001
Parts_quick_release_clamp_seed_0018.gif,Parts_quick_release_clamp,0018
Playground_Seesaw_seed_0074.gif,Playground_Seesaw,0074
Playground_Seesaw_seed_0152.gif,Playground_Seesaw,0152
Playground_playground_chair_swing_carousel_seed_0012.gif,Playground_playground_chair_swing_carousel,0012
Playground_playground_chair_swing_carousel_seed_0041.gif,Playground_playground_chair_swing_carousel,0041
Playground_playground_merry_go_round_seed_0566.gif,Playground_playground_merry_go_round,0566
Playground_playground_merry_go_round_seed_0824.gif,Playground_playground_merry_go_round,0824
Playground_swing_circular_seed_0095.gif,Playground_swing_circular,0095
Playground_swing_circular_seed_2978.gif,Playground_swing_circular,2978
Playground_swing_seed_2747.gif,Playground_swing,2747
Playground_swing_seed_3127.gif,Playground_swing,3127
Powertools_Lawn_mower_seed_0044.gif,Powertools_Lawn_mower,0044
Powertools_Lawn_mower_seed_0056.gif,Powertools_Lawn_mower,0056
Powertools_angle_grinder_seed_0012.gif,Powertools_angle_grinder,0012
Powertools_angle_grinder_seed_0032.gif,Powertools_angle_grinder,0032
Powertools_drill_seed_0005.gif,Powertools_drill,0005
Powertools_drill_seed_0061.gif,Powertools_drill,0061
Science_Capsule_seed_0019.gif,Science_Capsule,0019
Science_Capsule_seed_0029.gif,Science_Capsule,0029
Science_Dental_setup_seed_0002.gif,Science_Dental_setup,0002
Science_Dental_setup_seed_0011.gif,Science_Dental_setup,0011
Science_First_aid_cabinet_seed_0011.gif,Science_First_aid_cabinet,0011
Science_First_aid_cabinet_seed_0020.gif,Science_First_aid_cabinet,0020
Science_Surgical_bed_seed_0007.gif,Science_Surgical_bed,0007
Science_Surgical_bed_seed_0009.gif,Science_Surgical_bed,0009
Science_Surgical_chair_seed_0016.gif,Science_Surgical_chair,0016
Science_Surgical_chair_seed_0019.gif,Science_Surgical_chair,0019
Science_Syringe_seed_0027.gif,Science_Syringe,0027
Science_Syringe_seed_0116.gif,Science_Syringe,0116
Science_microscope_seed_0037.gif,Science_microscope,0037
Science_microscope_seed_0043.gif,Science_microscope,0043
Sign_sign_seed_0003.gif,Sign_sign,0003
Sign_sign_seed_0431.gif,Sign_sign,0431
Sports_Baby_cycle_seed_0006.gif,Sports_Baby_cycle,0006
Sports_Baby_cycle_seed_0049.gif,Sports_Baby_cycle,0049
Sports_Bike_seed_0039.gif,Sports_Bike,0039
Sports_Bike_seed_0235.gif,Sports_Bike,0235
Sports_Carabiner_seed_0005.gif,Sports_Carabiner,0005
Sports_Carabiner_seed_0013.gif,Sports_Carabiner,0013
Sports_Dumble_seed_0008.gif,Sports_Dumble,0008
Sports_Dumble_seed_0043.gif,Sports_Dumble,0043
Sports_Exercise_bike_seed_0012.gif,Sports_Exercise_bike,0012
Sports_Exercise_bike_seed_0021.gif,Sports_Exercise_bike,0021
Sports_Fidget_Spinner_seed_0035.gif,Sports_Fidget_Spinner,0035
Sports_Fidget_Spinner_seed_0071.gif,Sports_Fidget_Spinner,0071
Sports_Karting_seed_0300.gif,Sports_Karting,0300
Sports_Karting_seed_0497.gif,Sports_Karting,0497
Sports_Roller_scates_seed_0007.gif,Sports_Roller_scates,0007
Sports_Roller_scates_seed_0017.gif,Sports_Roller_scates,0017
Sports_Scooter_Racer_seed_0006.gif,Sports_Scooter_Racer,0006
Sports_Scooter_Racer_seed_0013.gif,Sports_Scooter_Racer,0013
Sports_Skateboard_seed_0029.gif,Sports_Skateboard,0029
Sports_Skateboard_seed_0057.gif,Sports_Skateboard,0057
Sports_Skincare_Roller_seed_1559.gif,Sports_Skincare_Roller,1559
Sports_Skincare_Roller_seed_2325.gif,Sports_Skincare_Roller,2325
Sports_Table_football_seed_0001.gif,Sports_Table_football,0001
Sports_Table_football_seed_0009.gif,Sports_Table_football,0009
Sports_Toy_car_seed_0047.gif,Sports_Toy_car,0047
Sports_Toy_car_seed_0094.gif,Sports_Toy_car,0094
Sports_game_console_seed_0036.gif,Sports_game_console,0036
Sports_game_console_seed_0271.gif,Sports_game_console,0271
Stairs_Escalator_seed_0963.gif,Stairs_Escalator,0963
Stairs_Escalator_seed_1650.gif,Stairs_Escalator,1650
Stationary_Calculater_seed_0007.gif,Stationary_Calculater,0007
Stationary_Calculater_seed_0177.gif,Stationary_Calculater,0177
Stationary_Clip_seed_0041.gif,Stationary_Clip,0041
Stationary_Clip_seed_0054.gif,Stationary_Clip,0054
Stationary_Clipboard_seed_0024.gif,Stationary_Clipboard,0024
Stationary_Clipboard_seed_0036.gif,Stationary_Clipboard,0036
Stationary_Folder_seed_1500.gif,Stationary_Folder,1500
Stationary_Folder_seed_3198.gif,Stationary_Folder,3198
Stationary_Pen_seed_0008.gif,Stationary_Pen,0008
Stationary_Pen_seed_0219.gif,Stationary_Pen,0219
Stationary_Pencil_sharpener_seed_0009.gif,Stationary_Pencil_sharpener,0009
Stationary_Pencil_sharpener_seed_0023.gif,Stationary_Pencil_sharpener,0023
Stationary_Scissors_seed_0014.gif,Stationary_Scissors,0014
Stationary_Scissors_seed_0037.gif,Stationary_Scissors,0037
Structure_Elevator_seed_0008.gif,Structure_Elevator,0008
Structure_Elevator_seed_0022.gif,Structure_Elevator,0022
Technology_Audio_Device_seed_1388.gif,Technology_Audio_Device,1388
Technology_Audio_Device_seed_1497.gif,Technology_Audio_Device,1497
Technology_Conference_Phone_seed_0043.gif,Technology_Conference_Phone,0043
Technology_Conference_Phone_seed_0260.gif,Technology_Conference_Phone,0260
Technology_Flashlight_seed_0017.gif,Technology_Flashlight,0017
Technology_Flashlight_seed_0205.gif,Technology_Flashlight,0205
Technology_Graphics_Card_seed_0078.gif,Technology_Graphics_Card,0078
Technology_Graphics_Card_seed_0652.gif,Technology_Graphics_Card,0652
Technology_Keyboard_seed_0035.gif,Technology_Keyboard,0035
Technology_Keyboard_seed_0065.gif,Technology_Keyboard,0065
Technology_Laptop_seed_0023.gif,Technology_Laptop,0023
Technology_Laptop_seed_0049.gif,Technology_Laptop,0049
Technology_Mobile_Phone_seed_0002.gif,Technology_Mobile_Phone,0002
Technology_Mobile_Phone_seed_0035.gif,Technology_Mobile_Phone,0035
Technology_Monitor_seed_0001.gif,Technology_Monitor,0001
Technology_Monitor_seed_0022.gif,Technology_Monitor,0022
Technology_Printer_seed_0105.gif,Technology_Printer,0105
Technology_Printer_seed_0149.gif,Technology_Printer,0149
Technology_Remote_Control_seed_0112.gif,Technology_Remote_Control,0112
Technology_Remote_Control_seed_0167.gif,Technology_Remote_Control,0167
Technology_Security_Camera_seed_0016.gif,Technology_Security_Camera,0016
Technology_Security_Camera_seed_0273.gif,Technology_Security_Camera,0273
Technology_Telescope_seed_0024.gif,Technology_Telescope,0024
Technology_Telescope_seed_0051.gif,Technology_Telescope,0051
Urban_Environment_Caster_Trolley2_seed_0028.gif,Urban_Environment_Caster_Trolley2,0028
Urban_Environment_Caster_Trolley2_seed_0064.gif,Urban_Environment_Caster_Trolley2,0064
Urban_Environment_Caster_Trolley_seed_0142.gif,Urban_Environment_Caster_Trolley,0142
Urban_Environment_Caster_Trolley_seed_0492.gif,Urban_Environment_Caster_Trolley,0492
Urban_Environment_Draft_Wagon_seed_0459.gif,Urban_Environment_Draft_Wagon,0459
Urban_Environment_Draft_Wagon_seed_0978.gif,Urban_Environment_Draft_Wagon,0978
Urban_Environment_Fire_Extinguisher_seed_0343.gif,Urban_Environment_Fire_Extinguisher,0343
Urban_Environment_Fire_Extinguisher_seed_0358.gif,Urban_Environment_Fire_Extinguisher,0358
Urban_Environment_Fire_Hydrant_seed_0009.gif,Urban_Environment_Fire_Hydrant,0009
Urban_Environment_Fire_Hydrant_seed_0017.gif,Urban_Environment_Fire_Hydrant,0017
Urban_Environment_Fire_cabinet_seed_0001.gif,Urban_Environment_Fire_cabinet,0001
Urban_Environment_Fire_cabinet_seed_0009.gif,Urban_Environment_Fire_cabinet,0009
Urban_Environment_Garbage_bin_seed_0459.gif,Urban_Environment_Garbage_bin,0459
Urban_Environment_Garbage_bin_seed_0879.gif,Urban_Environment_Garbage_bin,0879
Urban_Environment_Large_Trashcan_seed_0006.gif,Urban_Environment_Large_Trashcan,0006
Urban_Environment_Large_Trashcan_seed_0011.gif,Urban_Environment_Large_Trashcan,0011
Urban_Environment_Mailbox_seed_1194.gif,Urban_Environment_Mailbox,1194
Urban_Environment_Mailbox_seed_1824.gif,Urban_Environment_Mailbox,1824
Urban_Environment_Manhole_cover_seed_0146.gif,Urban_Environment_Manhole_cover,0146
Urban_Environment_Manhole_cover_seed_0273.gif,Urban_Environment_Manhole_cover,0273
Urban_Environment_Phone_box_seed_0020.gif,Urban_Environment_Phone_box,0020
Urban_Environment_Phone_box_seed_0040.gif,Urban_Environment_Phone_box,0040
Urban_Environment_Public_toilet1_seed_0007.gif,Urban_Environment_Public_toilet1,0007
Urban_Environment_Public_toilet1_seed_0011.gif,Urban_Environment_Public_toilet1,0011
Urban_Environment_Public_toilet_seed_0325.gif,Urban_Environment_Public_toilet,0325
Urban_Environment_Public_toilet_seed_0357.gif,Urban_Environment_Public_toilet,0357
Urban_Environment_Roof_antena_seed_0061.gif,Urban_Environment_Roof_antena,0061
Urban_Environment_Roof_antena_seed_0071.gif,Urban_Environment_Roof_antena,0071
Urban_Environment_Tilt_Truck1_seed_1266.gif,Urban_Environment_Tilt_Truck1,1266
Urban_Environment_Tilt_Truck1_seed_2353.gif,Urban_Environment_Tilt_Truck1,2353
Urban_Environment_Tilt_Truck2_seed_0674.gif,Urban_Environment_Tilt_Truck2,0674
Urban_Environment_Tilt_Truck2_seed_1182.gif,Urban_Environment_Tilt_Truck2,1182
Urban_Environment_Trashcan1_seed_0139.gif,Urban_Environment_Trashcan1,0139
Urban_Environment_Trashcan1_seed_0501.gif,Urban_Environment_Trashcan1,0501
Urban_Environment_Trashcan2_seed_0009.gif,Urban_Environment_Trashcan2,0009
Urban_Environment_Trashcan2_seed_0130.gif,Urban_Environment_Trashcan2,0130
Urban_Environment_Well_lid_seed_0050.gif,Urban_Environment_Well_lid,0050
Urban_Environment_Well_lid_seed_0301.gif,Urban_Environment_Well_lid,0301
Urban_Environment_bucket1_seed_0003.gif,Urban_Environment_bucket1,0003
Urban_Environment_bucket1_seed_0044.gif,Urban_Environment_bucket1,0044
Urban_Environment_bucket2_seed_0060.gif,Urban_Environment_bucket2,0060
Urban_Environment_bucket2_seed_0132.gif,Urban_Environment_bucket2,0132
Urban_Environment_sci_fi_satellite_dish_seed_0022.gif,Urban_Environment_sci_fi_satellite_dish,0022
Urban_Environment_sci_fi_satellite_dish_seed_0103.gif,Urban_Environment_sci_fi_satellite_dish,0103
Urban_Environment_utility_box_seed_0037.gif,Urban_Environment_utility_box,0037
Urban_Environment_utility_box_seed_0837.gif,Urban_Environment_utility_box,0837
Vehicle_Sports_car_seed_0477.gif,Vehicle_Sports_car,0477
Vehicle_Sports_car_seed_0770.gif,Vehicle_Sports_car,0770
Window_Sliding_window_seed_0615.gif,Window_Sliding_window,0615
Window_Sliding_window_seed_1048.gif,Window_Sliding_window,1048
Window_Window_seed_0007.gif,Window_Window,0007
Window_Window_seed_0036.gif,Window_Window,0036
adjustable_monitor_arm_seed_0012.gif,adjustable_monitor_arm,0012
adjustable_monitor_arm_seed_0044.gif,adjustable_monitor_arm,0044
animal_feeding_bowl_stand_seed_0004.gif,animal_feeding_bowl_stand,0004
animal_feeding_bowl_stand_seed_0007.gif,animal_feeding_bowl_stand,0007
aquarium_seed_0070.gif,aquarium,0070
aquarium_seed_0080.gif,aquarium,0080
articulated_task_lamp_seed_0020.gif,articulated_task_lamp,0020
articulated_task_lamp_seed_0051.gif,articulated_task_lamp,0051
astronomical_telescope_on_tripod_seed_0013.gif,astronomical_telescope_on_tripod,0013
astronomical_telescope_on_tripod_seed_0014.gif,astronomical_telescope_on_tripod,0014
automotive_differential_differential_gear_seed_0060.gif,automotive_differential_differential_gear,0060
automotive_differential_differential_gear_seed_0083.gif,automotive_differential_differential_gear,0083
badge_id_holder_clip_seed_0095.gif,badge_id_holder_clip,0095
badge_id_holder_clip_seed_0109.gif,badge_id_holder_clip,0109
ball_transfer_unit_with_spring_loaded_ball_seed_0818.gif,ball_transfer_unit_with_spring_loaded_ball,0818
ball_transfer_unit_with_spring_loaded_ball_seed_0839.gif,ball_transfer_unit_with_spring_loaded_ball,0839
ball_valve_with_quarter_turn_handle_seed_0365.gif,ball_valve_with_quarter_turn_handle,0365
ball_valve_with_quarter_turn_handle_seed_0448.gif,ball_valve_with_quarter_turn_handle,0448
barcode_scanner_seed_0004.gif,barcode_scanner,0004
barcode_scanner_seed_0006.gif,barcode_scanner,0006
barrier_gate_boom_seed_0527.gif,barrier_gate_boom,0527
barrier_gate_boom_seed_1163.gif,barrier_gate_boom,1163
barrier_gate_leaf_gate_seed_0852.gif,barrier_gate_leaf_gate,0852
barrier_gate_leaf_gate_seed_1884.gif,barrier_gate_leaf_gate,1884
bell_tower_with_swinging_bell_seed_0239.gif,bell_tower_with_swinging_bell,0239
bell_tower_with_swinging_bell_seed_0331.gif,bell_tower_with_swinging_bell,0331
bevel_gear_pair_with_perpendicular_shafts_seed_0413.gif,bevel_gear_pair_with_perpendicular_shafts,0413
bevel_gear_pair_with_perpendicular_shafts_seed_0414.gif,bevel_gear_pair_with_perpendicular_shafts,0414
bi_fold_closet_door_system_seed_0056.gif,bi_fold_closet_door_system,0056
bi_fold_closet_door_system_seed_0064.gif,bi_fold_closet_door_system,0064
bicycle_crankset_and_pedal_assembly_seed_0410.gif,bicycle_crankset_and_pedal_assembly,0410
bicycle_crankset_and_pedal_assembly_seed_1716.gif,bicycle_crankset_and_pedal_assembly,1716
bird_cage_seed_0169.gif,bird_cage,0169
bird_cage_seed_0203.gif,bird_cage,0203
blender_countertop_seed_1170.gif,blender_countertop,1170
blender_countertop_seed_1745.gif,blender_countertop,1745
bookcase1_seed_0043.gif,bookcase1,0043
bookcase1_seed_0134.gif,bookcase1,0134
bookcase2_seed_0261.gif,bookcase2,0261
bookcase2_seed_0496.gif,bookcase2,0496
bookcase_seed_1705.gif,bookcase,1705
bookcase_seed_2110.gif,bookcase,2110
box_fan_with_control_knob_seed_0034.gif,box_fan_with_control_knob,0034
box_fan_with_control_knob_seed_1646.gif,box_fan_with_control_knob,1646
branching_tree_with_three_independent_rotary_branches_seed_0053.gif,branching_tree_with_three_independent_rotary_branches,0053
branching_tree_with_three_independent_rotary_branches_seed_0133.gif,branching_tree_with_three_independent_rotary_branches,0133
branching_tree_with_two_independent_rotary_branches_seed_0003.gif,branching_tree_with_two_independent_rotary_branches,0003
branching_tree_with_two_independent_rotary_branches_seed_0038.gif,branching_tree_with_two_independent_rotary_branches,0038
butterfly_valve_with_lever_operator_seed_0046.gif,butterfly_valve_with_lever_operator,0046
butterfly_valve_with_lever_operator_seed_0106.gif,butterfly_valve_with_lever_operator,0106
camcorder_with_flipout_screen_seed_1780.gif,camcorder_with_flipout_screen,1780
camcorder_with_flipout_screen_seed_1853.gif,camcorder_with_flipout_screen,1853
camera_flash_seed_0330.gif,camera_flash,0330
camera_flash_seed_1016.gif,camera_flash,1016
camera_lens_seed_0353.gif,camera_lens,0353
camera_lens_seed_0842.gif,camera_lens,0842
camp_chair_seed_0008.gif,camp_chair,0008
camp_chair_seed_0026.gif,camp_chair,0026
camping_lantern_seed_0036.gif,camping_lantern,0036
camping_lantern_seed_0124.gif,camping_lantern,0124
candy_vending_machine_seed_0072.gif,candy_vending_machine,0072
candy_vending_machine_seed_0389.gif,candy_vending_machine,0389
cannon_seed_0093.gif,cannon,0093
cannon_seed_0161.gif,cannon,0161
cantilever_articulated_arm_seed_0223.gif,cantilever_articulated_arm,0223
cantilever_articulated_arm_seed_0333.gif,cantilever_articulated_arm,0333
car_axles_seed_0112.gif,car_axles,0112
car_axles_seed_0141.gif,car_axles,0141
car_scissor_jack_with_screw_mechanism_seed_0118.gif,car_scissor_jack_with_screw_mechanism,0118
car_scissor_jack_with_screw_mechanism_seed_0129.gif,car_scissor_jack_with_screw_mechanism,0129
cash_register_seed_1025.gif,cash_register,1025
cash_register_seed_1217.gif,cash_register,1217
casino_machine_seed_0135.gif,casino_machine,0135
casino_machine_seed_0785.gif,casino_machine,0785
cat_flap_seed_0000.gif,cat_flap,0000
cat_flap_seed_0019.gif,cat_flap,0019
cctv_mast_with_pantilt_camera_head_seed_0131.gif,cctv_mast_with_pantilt_camera_head,0131
cctv_mast_with_pantilt_camera_head_seed_0163.gif,cctv_mast_with_pantilt_camera_head,0163
ceiling_fan_seed_0029.gif,ceiling_fan,0029
ceiling_fan_seed_0421.gif,ceiling_fan,0421
ceiling_light_fixture_adjustable_seed_0151.gif,ceiling_light_fixture_adjustable,0151
ceiling_light_fixture_adjustable_seed_2955.gif,ceiling_light_fixture_adjustable,2955
centrifuge_machine1_seed_0048.gif,centrifuge_machine1,0048
centrifuge_machine1_seed_0108.gif,centrifuge_machine1,0108
centrifuge_machine2_seed_0088.gif,centrifuge_machine2,0088
centrifuge_machine2_seed_0125.gif,centrifuge_machine2,0125
chest_freezer_with_hinged_lid_seed_0268.gif,chest_freezer_with_hinged_lid,0268
chest_freezer_with_hinged_lid_seed_0592.gif,chest_freezer_with_hinged_lid,0592
clock_tower_with_rotating_hour_and_minute_hands_seed_1649.gif,clock_tower_with_rotating_hour_and_minute_hands,1649
clock_tower_with_rotating_hour_and_minute_hands_seed_4166.gif,clock_tower_with_rotating_hour_and_minute_hands,4166
clothing_rack_seed_0017.gif,clothing_rack,0017
clothing_rack_seed_0082.gif,clothing_rack,0082
coaxial_rotary_stack_seed_0119.gif,coaxial_rotary_stack,0119
coaxial_rotary_stack_seed_1159.gif,coaxial_rotary_stack,1159
compass_seed_0010.gif,compass,0010
compass_seed_0065.gif,compass,0065
crane_tower_seed_0393.gif,crane_tower,0393
crane_tower_seed_0515.gif,crane_tower,0515
crimping_tool_seed_0688.gif,crimping_tool,0688
crimping_tool_seed_1075.gif,crimping_tool,1075
defibrillator_case_seed_0335.gif,defibrillator_case,0335
defibrillator_case_seed_0845.gif,defibrillator_case,0845
desk_with_drawer_card_catalog_seed_0025.gif,desk_with_drawer_card_catalog,0025
desk_with_drawer_card_catalog_seed_0249.gif,desk_with_drawer_card_catalog,0249
desk_with_drawer_seed_0004.gif,desk_with_drawer,0004
desk_with_drawer_seed_0035.gif,desk_with_drawer,0035
desktop_monitor_with_tilt_swivel_stand_seed_0000.gif,desktop_monitor_with_tilt_swivel_stand,0000
desktop_monitor_with_tilt_swivel_stand_seed_0014.gif,desktop_monitor_with_tilt_swivel_stand,0014
desktop_pc_tower_seed_0028.gif,desktop_pc_tower,0028
desktop_pc_tower_seed_0225.gif,desktop_pc_tower,0225
differential_drive_wheel_seed_0002.gif,differential_drive_wheel,0002
differential_drive_wheel_seed_0007.gif,differential_drive_wheel,0007
dishwasher_with_dropdown_door_and_sliding_racks_seed_0016.gif,dishwasher_with_dropdown_door_and_sliding_racks,0016
dishwasher_with_dropdown_door_and_sliding_racks_seed_0144.gif,dishwasher_with_dropdown_door_and_sliding_racks,0144
display_freezer_with_sliding_glass_lids_seed_0613.gif,display_freezer_with_sliding_glass_lids,0613
display_freezer_with_sliding_glass_lids_seed_1298.gif,display_freezer_with_sliding_glass_lids,1298
dj_equipment_seed_0156.gif,dj_equipment,0156
dj_equipment_seed_0159.gif,dj_equipment,0159
drafting_table_seed_0026.gif,drafting_table,0026
drafting_table_seed_0185.gif,drafting_table,0185
drafting_table_with_adjustable_tilt_surface_seed_0145.gif,drafting_table_with_adjustable_tilt_surface,0145
drafting_table_with_adjustable_tilt_surface_seed_0217.gif,drafting_table_with_adjustable_tilt_surface,0217
drawer_cabinet_with_sliding_drawers_seed_0002.gif,drawer_cabinet_with_sliding_drawers,0002
drawer_cabinet_with_sliding_drawers_seed_0292.gif,drawer_cabinet_with_sliding_drawers,0292
drawing_compass_with_adjustable_legs_seed_0408.gif,drawing_compass_with_adjustable_legs,0408
drawing_compass_with_adjustable_legs_seed_1822.gif,drawing_compass_with_adjustable_legs,1822
drone_seed_0445.gif,drone,0445
drone_seed_1978.gif,drone,1978
drum_pedal_with_beater_and_spring_return_seed_0303.gif,drum_pedal_with_beater_and_spring_return,0303
drum_pedal_with_beater_and_spring_return_seed_0785.gif,drum_pedal_with_beater_and_spring_return,0785
dual_independent_finger_chains_seed_0013.gif,dual_independent_finger_chains,0013
dual_independent_finger_chains_seed_0036.gif,dual_independent_finger_chains,0036
elevator_button_panel_seed_0370.gif,elevator_button_panel,0370
elevator_button_panel_seed_0841.gif,elevator_button_panel,0841
elevator_shaft_seed_0020.gif,elevator_shaft,0020
elevator_shaft_seed_0025.gif,elevator_shaft,0025
emergency_exit_door_seed_0086.gif,emergency_exit_door,0086
emergency_exit_door_seed_0121.gif,emergency_exit_door,0121
ergonomic_clamp_with_adjustable_components_seed_0013.gif,ergonomic_clamp_with_adjustable_components,0013
ergonomic_clamp_with_adjustable_components_seed_0160.gif,ergonomic_clamp_with_adjustable_components,0160
ergonomic_clamp_with_adjustable_seed_0042.gif,ergonomic_clamp_with_adjustable,0042
ergonomic_clamp_with_adjustable_seed_0099.gif,ergonomic_clamp_with_adjustable,0099
fabric_scissors_seed_0025.gif,fabric_scissors,0025
fabric_scissors_seed_0054.gif,fabric_scissors,0054
ferris_wheel_seed_0409.gif,ferris_wheel,0409
ferris_wheel_seed_2576.gif,ferris_wheel,2576
fingerlike_phalanx_chain_seed_0056.gif,fingerlike_phalanx_chain,0056
fingerlike_phalanx_chain_seed_0161.gif,fingerlike_phalanx_chain,0161
fire_escape_ladder_seed_0024.gif,fire_escape_ladder,0024
fire_escape_ladder_seed_0066.gif,fire_escape_ladder,0066
flaring_tool_with_cone_and_clamp_seed_0020.gif,flaring_tool_with_cone_and_clamp,0020
flaring_tool_with_cone_and_clamp_seed_0055.gif,flaring_tool_with_cone_and_clamp,0055
flexible_track_lighting_system_seed_0077.gif,flexible_track_lighting_system,0077
flexible_track_lighting_system_seed_0094.gif,flexible_track_lighting_system,0094
folders_seed_0058.gif,folders,0058
folders_seed_0225.gif,folders,0225
folding_arm_chain_seed_0037.gif,folding_arm_chain,0037
folding_arm_chain_seed_0038.gif,folding_arm_chain,0038
folding_camp_table_seed_0802.gif,folding_camp_table,0802
folding_camp_table_seed_0806.gif,folding_camp_table,0806
full_height_turnstile_seed_1477.gif,full_height_turnstile,1477
full_height_turnstile_seed_2822.gif,full_height_turnstile,2822
garlic_press_seed_2194.gif,garlic_press,2194
garlic_press_seed_2638.gif,garlic_press,2638
gear_assemblies_seed_0001.gif,gear_assemblies,0001
gear_assemblies_seed_0004.gif,gear_assemblies,0004
generator_seed_0134.gif,generator,0134
generator_seed_0260.gif,generator,0260
globe_seed_0791.gif,globe,0791
globe_seed_0891.gif,globe,0891
graphics_card_with_cooling_fans_seed_1246.gif,graphics_card_with_cooling_fans,1246
graphics_card_with_cooling_fans_seed_2190.gif,graphics_card_with_cooling_fans,2190
greenhouse_vent_roof_seed_0030.gif,greenhouse_vent_roof,0030
greenhouse_vent_roof_seed_0051.gif,greenhouse_vent_roof,0051
guitar_tuning_peg_mechanism_seed_0066.gif,guitar_tuning_peg_mechanism,0066
guitar_tuning_peg_mechanism_seed_0084.gif,guitar_tuning_peg_mechanism,0084
gyroscope_with_spinning_wheel_and_gimbal_rings_seed_0213.gif,gyroscope_with_spinning_wheel_and_gimbal_rings,0213
gyroscope_with_spinning_wheel_and_gimbal_rings_seed_0718.gif,gyroscope_with_spinning_wheel_and_gimbal_rings,0718
hamster_wheel_seed_1142.gif,hamster_wheel,1142
hamster_wheel_seed_1388.gif,hamster_wheel,1388
hand_cultivator_seed_0017.gif,hand_cultivator,0017
hand_cultivator_seed_0299.gif,hand_cultivator,0299
hand_operated_metal_brake_for_bending_sheet_metal_seed_0026.gif,hand_operated_metal_brake_for_bending_sheet_metal,0026
hand_operated_metal_brake_for_bending_sheet_metal_seed_0126.gif,hand_operated_metal_brake_for_bending_sheet_metal,0126
hand_operated_pasta_maker_with_rollers_and_crank_seed_0039.gif,hand_operated_pasta_maker_with_rollers_and_crank,0039
hand_operated_pasta_maker_with_rollers_and_crank_seed_0115.gif,hand_operated_pasta_maker_with_rollers_and_crank,0115
harmonic_drive_seed_0049.gif,harmonic_drive,0049
harmonic_drive_seed_0364.gif,harmonic_drive,0364
harvester_seed_0119.gif,harvester,0119
harvester_seed_0244.gif,harvester,0244
hole_punch_seed_0001.gif,hole_punch,0001
hole_punch_seed_0005.gif,hole_punch,0005
hydraulic_jack1_seed_0077.gif,hydraulic_jack1,0077
hydraulic_jack1_seed_0087.gif,hydraulic_jack1,0087
hydraulic_jack2_seed_0090.gif,hydraulic_jack2,0090
hydraulic_jack2_seed_0096.gif,hydraulic_jack2,0096
hydraulic_jack_seed_0021.gif,hydraulic_jack,0021
hydraulic_jack_seed_0098.gif,hydraulic_jack,0098
immersion_blender_seed_0152.gif,immersion_blender,0152
immersion_blender_seed_0172.gif,immersion_blender,0172
industrial_crane_featuring_advanced_hydraulic_seed_0003.gif,industrial_crane_featuring_advanced_hydraulic,0003
industrial_crane_featuring_advanced_hydraulic_seed_0056.gif,industrial_crane_featuring_advanced_hydraulic,0056
ironing_board2_seed_0009.gif,ironing_board2,0009
ironing_board2_seed_0017.gif,ironing_board2,0017
ironing_board_seed_0128.gif,ironing_board,0128
ironing_board_seed_0401.gif,ironing_board,0401
jet_engine_seed_0169.gif,jet_engine,0169
jet_engine_seed_0611.gif,jet_engine,0611
juicer_press_with_handle_seed_0088.gif,juicer_press_with_handle,0088
juicer_press_with_handle_seed_0090.gif,juicer_press_with_handle,0090
kitchen_cabinet_seed_0482.gif,kitchen_cabinet,0482
kitchen_cabinet_seed_1049.gif,kitchen_cabinet,1049
laptop_stand_seed_0011.gif,laptop_stand,0011
laptop_stand_seed_0021.gif,laptop_stand,0021
laser_level_tripod_seed_0005.gif,laser_level_tripod,0005
laser_level_tripod_seed_0027.gif,laser_level_tripod,0027
lazy_susan_seed_0065.gif,lazy_susan,0065
lazy_susan_seed_0350.gif,lazy_susan,0350
lever_chain_seed_0108.gif,lever_chain,0108
lever_chain_seed_0188.gif,lever_chain,0188
linear_actuator_seed_0008.gif,linear_actuator,0008
linear_actuator_seed_0018.gif,linear_actuator,0018
linear_bearing_slide_with_rail_seed_0054.gif,linear_bearing_slide_with_rail,0054
linear_bearing_slide_with_rail_seed_0070.gif,linear_bearing_slide_with_rail,0070
loom_shuttle_seed_0011.gif,loom_shuttle,0011
loom_shuttle_seed_0062.gif,loom_shuttle,0062
louvered_shutter_assembly_seed_0576.gif,louvered_shutter_assembly,0576
louvered_shutter_assembly_seed_1528.gif,louvered_shutter_assembly,1528
makeup1_seed_0050.gif,makeup1,0050
makeup1_seed_0281.gif,makeup1,0281
makeup2_seed_0040.gif,makeup2,0040
makeup2_seed_0104.gif,makeup2,0104
makeup3_seed_0162.gif,makeup3,0162
makeup3_seed_0269.gif,makeup3,0269
makeup_seed_0527.gif,makeup,0527
makeup_seed_0901.gif,makeup,0901
manual_coffee_grinder_seed_0038.gif,manual_coffee_grinder,0038
manual_coffee_grinder_seed_0060.gif,manual_coffee_grinder,0060
manual_grain_mill1_seed_0058.gif,manual_grain_mill1,0058
manual_grain_mill1_seed_0275.gif,manual_grain_mill1,0275
manual_grain_mill2_seed_0012.gif,manual_grain_mill2,0012
manual_grain_mill2_seed_0192.gif,manual_grain_mill2,0192
manual_hand_drill_seed_0003.gif,manual_hand_drill,0003
manual_hand_drill_seed_0024.gif,manual_hand_drill,0024
manual_pipe_bender_seed_0061.gif,manual_pipe_bender,0061
manual_pipe_bender_seed_0123.gif,manual_pipe_bender,0123
manual_water_dispenser_pump_seed_0075.gif,manual_water_dispenser_pump,0075
manual_water_dispenser_pump_seed_0080.gif,manual_water_dispenser_pump,0080
meat_grinder_seed_0025.gif,meat_grinder,0025
meat_grinder_seed_0100.gif,meat_grinder,0100
mechanical_metronome_with_pendulum_seed_0111.gif,mechanical_metronome_with_pendulum,0111
mechanical_metronome_with_pendulum_seed_0147.gif,mechanical_metronome_with_pendulum,0147
mechanical_timer_with_rotating_dial_seed_0142.gif,mechanical_timer_with_rotating_dial,0142
mechanical_timer_with_rotating_dial_seed_0173.gif,mechanical_timer_with_rotating_dial,0173
metal_blender_seed_0010.gif,metal_blender,0010
metal_blender_seed_0024.gif,metal_blender,0024
metronome_seed_2072.gif,metronome,2072
metronome_seed_2320.gif,metronome,2320
microphone_boom_arm_seed_0014.gif,microphone_boom_arm,0014
microphone_boom_arm_seed_0068.gif,microphone_boom_arm,0068
missile_launcher_seed_0951.gif,missile_launcher,0951
missile_launcher_seed_1146.gif,missile_launcher,1146
miter_saw_arm_assembly_seed_0867.gif,miter_saw_arm_assembly,0867
miter_saw_arm_assembly_seed_1178.gif,miter_saw_arm_assembly,1178
monitor_mount_seed_0000.gif,monitor_mount,0000
monitor_mount_seed_0015.gif,monitor_mount,0015
multisegment_foldout_arm_seed_0603.gif,multisegment_foldout_arm,0603
multisegment_foldout_arm_seed_0715.gif,multisegment_foldout_arm,0715
music_stand1_seed_0008.gif,music_stand1,0008
music_stand1_seed_0016.gif,music_stand1,0016
music_stand_seed_0012.gif,music_stand,0012
music_stand_seed_0042.gif,music_stand,0042
n_joint_revolute_chain_seed_0045.gif,n_joint_revolute_chain,0045
n_joint_revolute_chain_seed_0091.gif,n_joint_revolute_chain,0091
needle_case_seed_0084.gif,needle_case,0084
needle_case_seed_0123.gif,needle_case,0123
nutcracker_seed_0107.gif,nutcracker,0107
nutcracker_seed_0170.gif,nutcracker,0170
office_table_with_doors_or_drawers_seed_0113.gif,office_table_with_doors_or_drawers,0113
office_table_with_doors_or_drawers_seed_0464.gif,office_table_with_doors_or_drawers,0464
overhead_projector_with_articulating_mirror_seed_0009.gif,overhead_projector_with_articulating_mirror,0009
overhead_projector_with_articulating_mirror_seed_0074.gif,overhead_projector_with_articulating_mirror,0074
overshot_waterwheel_seed_0948.gif,overshot_waterwheel,0948
overshot_waterwheel_seed_1109.gif,overshot_waterwheel,1109
paper_cutter_guillotine_seed_0102.gif,paper_cutter_guillotine,0102
paper_cutter_guillotine_seed_0213.gif,paper_cutter_guillotine,0213
paper_shredder_seed_0023.gif,paper_shredder,0023
paper_shredder_seed_0065.gif,paper_shredder,0065
parabolic_dish_on_azimuth_elevation_mount_seed_1317.gif,parabolic_dish_on_azimuth_elevation_mount,1317
parabolic_dish_on_azimuth_elevation_mount_seed_1874.gif,parabolic_dish_on_azimuth_elevation_mount,1874
pepper_mill_with_rotating_grinder_mechanism_seed_0009.gif,pepper_mill_with_rotating_grinder_mechanism,0009
pepper_mill_with_rotating_grinder_mechanism_seed_0116.gif,pepper_mill_with_rotating_grinder_mechanism,0116
pet_carrier_seed_0011.gif,pet_carrier,0011
pet_carrier_seed_0017.gif,pet_carrier,0017
pet_stroller_seed_0013.gif,pet_stroller,0013
pet_stroller_seed_0040.gif,pet_stroller,0040
piano_bench_seed_0008.gif,piano_bench,0008
piano_bench_seed_0013.gif,piano_bench,0013
pilers_cutting_pliers_seed_0075.gif,pilers_cutting_pliers,0075
pilers_cutting_pliers_seed_0084.gif,pilers_cutting_pliers,0084
pilers_fencing_pliers_seed_0010.gif,pilers_fencing_pliers,0010
pilers_fencing_pliers_seed_0122.gif,pilers_fencing_pliers,0122
pilers_linesman_pliers_seed_0045.gif,pilers_linesman_pliers,0045
pilers_linesman_pliers_seed_0073.gif,pilers_linesman_pliers,0073
pilers_locking_pliers_seed_0012.gif,pilers_locking_pliers,0012
pilers_locking_pliers_seed_0022.gif,pilers_locking_pliers,0022
pilers_needle_nose_pliers_seed_0044.gif,pilers_needle_nose_pliers,0044
pilers_needle_nose_pliers_seed_0061.gif,pilers_needle_nose_pliers,0061
pilers_slip_joint_pliers_seed_0013.gif,pilers_slip_joint_pliers,0013
pilers_slip_joint_pliers_seed_0023.gif,pilers_slip_joint_pliers,0023
pilers_tongue_groove_pliers_seed_0058.gif,pilers_tongue_groove_pliers,0058
pilers_tongue_groove_pliers_seed_0107.gif,pilers_tongue_groove_pliers,0107
pilers_wire_strippers_seed_0091.gif,pilers_wire_strippers,0091
pilers_wire_strippers_seed_0103.gif,pilers_wire_strippers,0103
platform_cart_seed_1229.gif,platform_cart,1229
platform_cart_seed_1322.gif,platform_cart,1322
playground_swing_seed_0006.gif,playground_swing,0006
playground_swing_seed_0013.gif,playground_swing,0013
point_of_sale_terminal_seed_0198.gif,point_of_sale_terminal,0198
point_of_sale_terminal_seed_0648.gif,point_of_sale_terminal,0648
projector_seed_0570.gif,projector,0570
projector_seed_0614.gif,projector,0614
protractor_with_swing_arm_seed_0038.gif,protractor_with_swing_arm,0038
protractor_with_swing_arm_seed_0058.gif,protractor_with_swing_arm,0058
pulley_seed_0104.gif,pulley,0104
pulley_seed_0118.gif,pulley,0118
pushpull_plunger_chain_seed_0412.gif,pushpull_plunger_chain,0412
pushpull_plunger_chain_seed_0577.gif,pushpull_plunger_chain,0577
rabbit_hutch_seed_0014.gif,rabbit_hutch,0014
rabbit_hutch_seed_0017.gif,rabbit_hutch,0017
rack_and_pinion_slider_seed_0556.gif,rack_and_pinion_slider,0556
rack_and_pinion_slider_seed_1116.gif,rack_and_pinion_slider,1116
ratchet_strap_seed_0012.gif,ratchet_strap,0012
ratchet_strap_seed_0075.gif,ratchet_strap,0075
refrigerator_with_hinged_doors_seed_0661.gif,refrigerator_with_hinged_doors,0661
refrigerator_with_hinged_doors_seed_1021.gif,refrigerator_with_hinged_doors,1021
remote_weapon_station_seed_0809.gif,remote_weapon_station,0809
remote_weapon_station_seed_1047.gif,remote_weapon_station,1047
retractable_patio_awning_seed_0124.gif,retractable_patio_awning,0124
retractable_patio_awning_seed_0761.gif,retractable_patio_awning,0761
retractable_utility_knife_seed_0333.gif,retractable_utility_knife,0333
retractable_utility_knife_seed_0536.gif,retractable_utility_knife,0536
revolving_door_seed_0103.gif,revolving_door,0103
revolving_door_seed_0434.gif,revolving_door,0434
ring_blinder_seed_0031.gif,ring_blinder,0031
ring_blinder_seed_0082.gif,ring_blinder,0082
riot_shield_seed_0038.gif,riot_shield,0038
riot_shield_seed_0048.gif,riot_shield,0048
rivet_squeeze1_seed_0026.gif,rivet_squeeze1,0026
rivet_squeeze1_seed_1850.gif,rivet_squeeze1,1850
rivet_squeeze_seed_0209.gif,rivet_squeeze,0209
rivet_squeeze_seed_0672.gif,rivet_squeeze,0672
robotic_arms_seed_0951.gif,robotic_arms,0951
robotic_arms_seed_1086.gif,robotic_arms,1086
robotic_leg_seed_1127.gif,robotic_leg,1127
robotic_leg_seed_2140.gif,robotic_leg,2140
roller_conveyor_seed_2161.gif,roller_conveyor,2161
roller_conveyor_seed_2506.gif,roller_conveyor,2506
rolling_toolbox_with_telescoping_handle_seed_0949.gif,rolling_toolbox_with_telescoping_handle,0949
rolling_toolbox_with_telescoping_handle_seed_2077.gif,rolling_toolbox_with_telescoping_handle,2077
rope_pulley_seed_0007.gif,rope_pulley,0007
rope_pulley_seed_0106.gif,rope_pulley,0106
rotary_table_with_tilting_trunnion_seed_0146.gif,rotary_table_with_tilting_trunnion,0146
rotary_table_with_tilting_trunnion_seed_0517.gif,rotary_table_with_tilting_trunnion,0517
rotating_observatory_dome_seed_0007.gif,rotating_observatory_dome,0007
rotating_observatory_dome_seed_0009.gif,rotating_observatory_dome,0009
round_cabinet_seed_0019.gif,round_cabinet,0019
round_cabinet_seed_0210.gif,round_cabinet,0210
sailboat_winch_with_pawl_and_handle_seed_0722.gif,sailboat_winch_with_pawl_and_handle,0722
sailboat_winch_with_pawl_and_handle_seed_0756.gif,sailboat_winch_with_pawl_and_handle,0756
satellite_with_articulated_solar_panels_seed_0146.gif,satellite_with_articulated_solar_panels,0146
satellite_with_articulated_solar_panels_seed_0187.gif,satellite_with_articulated_solar_panels,0187
scanner_seed_0016.gif,scanner,0016
scanner_seed_0024.gif,scanner,0024
screwcap_bottle_seed_0060.gif,screwcap_bottle,0060
screwcap_bottle_seed_0073.gif,screwcap_bottle,0073
screwin_light_bulb_with_socket_seed_0286.gif,screwin_light_bulb_with_socket,0286
screwin_light_bulb_with_socket_seed_0521.gif,screwin_light_bulb_with_socket,0521
searchlight_tower_seed_0092.gif,searchlight_tower,0092
searchlight_tower_seed_0679.gif,searchlight_tower,0679
seed_spreader_seed_0061.gif,seed_spreader,0061
seed_spreader_seed_0155.gif,seed_spreader,0155
seeder_seed_0153.gif,seeder,0153
seeder_seed_0596.gif,seeder,0596
serial_elbow_arm_seed_0010.gif,serial_elbow_arm,0010
serial_elbow_arm_seed_0962.gif,serial_elbow_arm,0962
sewing_machine_seed_0005.gif,sewing_machine,0005
sewing_machine_seed_0016.gif,sewing_machine,0016
shelving_unit_with_adjustable_shelves_seed_0206.gif,shelving_unit_with_adjustable_shelves,0206
shelving_unit_with_adjustable_shelves_seed_0537.gif,shelving_unit_with_adjustable_shelves,0537
shelving_unit_with_folding_shelves_seed_0029.gif,shelving_unit_with_folding_shelves,0029
shelving_unit_with_folding_shelves_seed_0044.gif,shelving_unit_with_folding_shelves,0044
shoulderelbowwrist_arm_seed_0087.gif,shoulderelbowwrist_arm,0087
shoulderelbowwrist_arm_seed_0143.gif,shoulderelbowwrist_arm,0143
simple_aframe_step_ladder_seed_0226.gif,simple_aframe_step_ladder,0226
simple_aframe_step_ladder_seed_0259.gif,simple_aframe_step_ladder,0259
simple_drying_rack_seed_0000.gif,simple_drying_rack,0000
simple_drying_rack_seed_0039.gif,simple_drying_rack,0039
single_revolute_hinge_seed_0248.gif,single_revolute_hinge,0248
single_revolute_hinge_seed_0276.gif,single_revolute_hinge,0276
single_rotor_helicopter_seed_0186.gif,single_rotor_helicopter,0186
single_rotor_helicopter_seed_1818.gif,single_rotor_helicopter,1818
single_wheelbarrow_seed_0004.gif,single_wheelbarrow,0004
single_wheelbarrow_seed_0045.gif,single_wheelbarrow,0045
singleleaf_drawbridge_seed_0217.gif,singleleaf_drawbridge,0217
singleleaf_drawbridge_seed_0564.gif,singleleaf_drawbridge,0564
sliding_turnstile_seed_0075.gif,sliding_turnstile,0075
sliding_turnstile_seed_0087.gif,sliding_turnstile,0087
sliding_window_classic_seed_0810.gif,sliding_window_classic,0810
sliding_window_classic_seed_1694.gif,sliding_window_classic,1694
sluice_gate_with_vertical_lift_panel_seed_0165.gif,sluice_gate_with_vertical_lift_panel,0165
sluice_gate_with_vertical_lift_panel_seed_0207.gif,sluice_gate_with_vertical_lift_panel,0207
soft_pneumatic_gripper_seed_0020.gif,soft_pneumatic_gripper,0020
soft_pneumatic_gripper_seed_0040.gif,soft_pneumatic_gripper,0040
speed_gate_seed_0082.gif,speed_gate,0082
speed_gate_seed_0114.gif,speed_gate,0114
sprinkler_head_with_rotating_arms_seed_0047.gif,sprinkler_head_with_rotating_arms,0047
sprinkler_head_with_rotating_arms_seed_0057.gif,sprinkler_head_with_rotating_arms,0057
stand_mixer_seed_0520.gif,stand_mixer,0520
stand_mixer_seed_1972.gif,stand_mixer,1972
standing_desk_with_synchronous_telescoping_legs_and_articulated_controls_seed_1601.gif,standing_desk_with_synchronous_telescoping_legs_and_articulated_controls,1601
standing_desk_with_synchronous_telescoping_legs_and_articulated_controls_seed_8239.gif,standing_desk_with_synchronous_telescoping_legs_and_articulated_controls,8239
storage_cart_with_drawers_on_wheels_seed_0081.gif,storage_cart_with_drawers_on_wheels,0081
storage_cart_with_drawers_on_wheels_seed_0090.gif,storage_cart_with_drawers_on_wheels,0090
stretcher_seed_0017.gif,stretcher,0017
stretcher_seed_0020.gif,stretcher,0020
studio_lamp_seed_0256.gif,studio_lamp,0256
studio_lamp_seed_3030.gif,studio_lamp,3030
studio_spotlight_on_yoke_seed_0736.gif,studio_spotlight_on_yoke,0736
studio_spotlight_on_yoke_seed_0843.gif,studio_spotlight_on_yoke,0843
table_tennis_table_seed_0021.gif,table_tennis_table,0021
table_tennis_table_seed_0027.gif,table_tennis_table,0027
table_with_doors_and_drawers_seed_0140.gif,table_with_doors_and_drawers,0140
table_with_doors_and_drawers_seed_0168.gif,table_with_doors_and_drawers,0168
table_with_drawers_no_door_seed_0008.gif,table_with_drawers_no_door,0008
table_with_drawers_no_door_seed_0046.gif,table_with_drawers_no_door,0046
tackle_box_with_simple_hinged_lid_seed_0769.gif,tackle_box_with_simple_hinged_lid,0769
tackle_box_with_simple_hinged_lid_seed_1123.gif,tackle_box_with_simple_hinged_lid,1123
tailor_s_dummy_seed_0005.gif,tailor_s_dummy,0005
tailor_s_dummy_seed_0043.gif,tailor_s_dummy,0043
telescoping_boom_seed_2840.gif,telescoping_boom,2840
telescoping_boom_seed_6806.gif,telescoping_boom,6806
telescoping_fishing_rod_seed_0038.gif,telescoping_fishing_rod,0038
telescoping_fishing_rod_seed_0062.gif,telescoping_fishing_rod,0062
telescoping_pointer_seed_0036.gif,telescoping_pointer,0036
telescoping_pointer_seed_0088.gif,telescoping_pointer,0088
threestage_telescoping_slide_seed_0004.gif,threestage_telescoping_slide,0004
threestage_telescoping_slide_seed_0098.gif,threestage_telescoping_slide,0098
tractor_seed_0898.gif,tractor,0898
tractor_seed_1377.gif,tractor,1377
traditional_windmill_seed_1838.gif,traditional_windmill,1838
traditional_windmill_seed_1884.gif,traditional_windmill,1884
trekking_pole_collapsible_seed_0055.gif,trekking_pole_collapsible,0055
trekking_pole_collapsible_seed_0074.gif,trekking_pole_collapsible,0074
tricycle_seed_0127.gif,tricycle,0127
tricycle_seed_0178.gif,tricycle,0178
tripod_seed_0000.gif,tripod,0000
tripod_seed_0021.gif,tripod,0021
trombone_seed_0008.gif,trombone,0008
trombone_seed_0036.gif,trombone,0036
trumpet_seed_0008.gif,trumpet,0008
trumpet_seed_0021.gif,trumpet,0021
tube_cutter_seed_0017.gif,tube_cutter,0017
tube_cutter_seed_0045.gif,tube_cutter,0045
turnbuckle_seed_0004.gif,turnbuckle,0004
turnbuckle_seed_0062.gif,turnbuckle,0062
turnstile_gates_seed_0020.gif,turnstile_gates,0020
turnstile_gates_seed_0931.gif,turnstile_gates,0931
turntable_seed_1569.gif,turntable,1569
turntable_seed_1814.gif,turntable,1814
tv_cabinet_seed_0218.gif,tv_cabinet,0218
tv_cabinet_seed_0387.gif,tv_cabinet,0387
tv_wall_mount_seed_0142.gif,tv_wall_mount,0142
tv_wall_mount_seed_0283.gif,tv_wall_mount,0283
twojoint_prismatic_chain_seed_0336.gif,twojoint_prismatic_chain,0336
twojoint_prismatic_chain_seed_0456.gif,twojoint_prismatic_chain,0456
twojoint_revolute_chain_seed_0251.gif,twojoint_revolute_chain,0251
twojoint_revolute_chain_seed_0325.gif,twojoint_revolute_chain,0325
universal_joint_seed_0008.gif,universal_joint,0008
universal_joint_seed_0016.gif,universal_joint,0016
usb_drive_with_swivel_cover_seed_1213.gif,usb_drive_with_swivel_cover,1213
usb_drive_with_swivel_cover_seed_1404.gif,usb_drive_with_swivel_cover,1404
vane_array_with_independent_pivots_seed_0163.gif,vane_array_with_independent_pivots,0163
vane_array_with_independent_pivots_seed_0752.gif,vane_array_with_independent_pivots,0752
waffle_maker_seed_0002.gif,waffle_maker,0002
waffle_maker_seed_0034.gif,waffle_maker,0034
walking_cane_seed_0050.gif,walking_cane,0050
walking_cane_seed_0079.gif,walking_cane,0079
wall_safe_with_hinged_door_and_dial_seed_2446.gif,wall_safe_with_hinged_door_and_dial,2446
wall_safe_with_hinged_door_and_dial_seed_2688.gif,wall_safe_with_hinged_door_and_dial,2688
watch_seed_2021.gif,watch,2021
watch_seed_2805.gif,watch,2805
water_filter_pump_seed_0154.gif,water_filter_pump,0154
water_filter_pump_seed_0780.gif,water_filter_pump,0780
watering_can_seed_0353.gif,watering_can,0353
watering_can_seed_0373.gif,watering_can,0373
wheelbarrow_seed_0241.gif,wheelbarrow,0241
wheelbarrow_seed_0325.gif,wheelbarrow,0325
wheelie_bin_with_hinged_lid_seed_0260.gif,wheelie_bin_with_hinged_lid,0260
wheelie_bin_with_hinged_lid_seed_0925.gif,wheelie_bin_with_hinged_lid,0925
whiteboard_easel_seed_0009.gif,whiteboard_easel,0009
whiteboard_easel_seed_0021.gif,whiteboard_easel,0021
wind_turbine_seed_0181.gif,wind_turbine,0181
wind_turbine_seed_1414.gif,wind_turbine,1414
windshield_wiper_assembly_seed_0098.gif,windshield_wiper_assembly,0098
windshield_wiper_assembly_seed_0259.gif,windshield_wiper_assembly,0259
wine_cabinet1_seed_0079.gif,wine_cabinet1,0079
wine_cabinet1_seed_0090.gif,wine_cabinet1,0090
wine_cabinet2_seed_0648.gif,wine_cabinet2,0648
wine_cabinet2_seed_1817.gif,wine_cabinet2,1817
wine_cabinet_seed_0113.gif,wine_cabinet,0113
wine_cabinet_seed_0276.gif,wine_cabinet,0276
wine_rack_seed_0010.gif,wine_rack,0010
wine_rack_seed_0017.gif,wine_rack,0017
worm_gear_and_wheel_assembly_seed_0021.gif,worm_gear_and_wheel_assembly,0021
worm_gear_and_wheel_assembly_seed_0030.gif,worm_gear_and_wheel_assembly,0030
wrench_set_seed_0000.gif,wrench_set,0000
wrench_set_seed_0013.gif,wrench_set,0013
zippo_lighter_seed_0164.gif,zippo_lighter,0164
zippo_lighter_seed_0249.gif,zippo_lighter,0249
